{"cameraMode":{"drawMode":0,"name":"Shaded","section":"Shading Mode"},"sceneLighting":true,"audioPlay":false,"sceneViewState":{"showFog":true,"showMaterialUpdate":false,"showSkybox":true,"showFlares":true,"showImageEffects":true,"showParticleSystems":true},"in2DMode":false,"pivot":{"x":79.68189239501953,"y":2.83303165435791,"z":-55.3069953918457},"rotation":{"x":0.05355524644255638,"y":0.8327212929725647,"z":-0.0816645696759224,"w":0.545099139213562},"size":38.499977111816409,"orthographic":false}